"trigger_code","trigger_name","onset_time","trial_number","condition","word","response","rt","remembered"
3,"COND2_LABEL",0.016525300219655,1,2,"","",NA,NA
51,"COND2_WORD",1.53331949934363,1,2,"sandstone","",NA,1
7,"RESP_N",2.24691469967365,1,2,"sandstone","n",0.713621100410819,NA
3,"COND2_LABEL",5.25011540018022,2,2,"","",NA,NA
50,"COND2_WORD",6.7668318990618,2,2,"oyster","",NA,0
6,"RESP_Y",7.47095870040357,2,2,"oyster","y",0.704154498875141,NA
2,"COND1_LABEL",10.4836157001555,3,1,"","",NA,NA
40,"COND1_WORD",12.0003784988075,3,1,"cork","",NA,0
7,"RESP_N",12.590907599777,3,1,"cork","n",0.590568700805306,NA
2,"COND1_LABEL",15.6005169004202,4,1,"","",NA,NA
41,"COND1_WORD",17.1172981988639,4,1,"compass","",NA,1
6,"RESP_Y",17.7028963994235,4,1,"compass","y",0.585639100521803,NA
2,"COND1_LABEL",20.717396998778,5,1,"","",NA,NA
40,"COND1_WORD",22.2341302987188,5,1,"carpet","",NA,0
6,"RESP_Y",22.8469922989607,5,1,"carpet","y",0.612872000783682,NA
2,"COND1_LABEL",25.8508930001408,6,1,"","",NA,NA
40,"COND1_WORD",27.3675935994834,6,1,"bucket","",NA,0
7,"RESP_N",28.142833000049,6,1,"bucket","n",0.775267399847507,NA
3,"COND2_LABEL",31.1511582992971,7,2,"","",NA,NA
51,"COND2_WORD",32.6678215991706,7,2,"tortoise","",NA,1
7,"RESP_N",33.2949851993471,7,2,"tortoise","n",0.627205299213529,NA
3,"COND2_LABEL",36.3014460001141,8,2,"","",NA,NA
51,"COND2_WORD",37.818091198802,8,2,"moth","",NA,1
6,"RESP_Y",38.4069322999567,8,2,"moth","y",0.588869199156761,NA
2,"COND1_LABEL",41.4187599997967,9,1,"","",NA,NA
41,"COND1_WORD",42.9357184004039,9,1,"bridge","",NA,1
7,"RESP_N",44.0949245989323,9,1,"bridge","n",1.15921900048852,NA
3,"COND2_LABEL",47.1025050003082,10,2,"","",NA,NA
51,"COND2_WORD",48.6190868988633,10,2,"squid","",NA,1
6,"RESP_Y",49.2469456996769,10,2,"squid","y",0.627901600673795,NA
3,"COND2_LABEL",52.2524528000504,11,2,"","",NA,NA
50,"COND2_WORD",53.7692869994789,11,2,"paper","",NA,0
7,"RESP_N",54.7668484989554,11,2,"paper","n",0.997591199353337,NA
3,"COND2_LABEL",57.7861509993672,12,2,"","",NA,NA
51,"COND2_WORD",59.3028718996793,12,2,"zebra","",NA,1
6,"RESP_Y",60.0948255993426,12,2,"zebra","y",0.791983000934124,NA
2,"COND1_LABEL",63.1029521003366,13,1,"","",NA,NA
40,"COND1_WORD",64.6196427997202,13,1,"book","",NA,0
7,"RESP_N",65.1188705991954,13,1,"book","n",0.499256398528814,NA
3,"COND2_LABEL",68.1365120001137,14,2,"","",NA,NA
51,"COND2_WORD",69.653411699459,14,2,"koala","",NA,1
6,"RESP_Y",70.26281609945,14,2,"koala","y",0.609446000307798,NA
3,"COND2_LABEL",73.2696899995208,15,2,"","",NA,NA
51,"COND2_WORD",74.7872361987829,15,2,"iguana","",NA,1
6,"RESP_Y",75.6227639988065,15,2,"iguana","y",0.83554570004344,NA
3,"COND2_LABEL",78.6366908997297,16,2,"","",NA,NA
51,"COND2_WORD",80.153627699241,16,2,"sponge","",NA,1
7,"RESP_N",80.7508010994643,16,2,"sponge","n",0.597213599830866,NA
3,"COND2_LABEL",83.7537660002708,17,2,"","",NA,NA
51,"COND2_WORD",85.2705297991633,17,2,"spider","",NA,1
6,"RESP_Y",85.7909941002727,17,2,"spider","y",0.520504500716925,NA
3,"COND2_LABEL",88.8039052989334,18,2,"","",NA,NA
51,"COND2_WORD",90.3209390994161,18,2,"pine","",NA,1
6,"RESP_Y",91.2547644991428,18,2,"pine","y",0.93383969925344,NA
3,"COND2_LABEL",94.270840799436,19,2,"","",NA,NA
50,"COND2_WORD",95.7875727992505,19,2,"lion","",NA,0
6,"RESP_Y",96.3587843999267,19,2,"lion","y",0.57122790068388,NA
2,"COND1_LABEL",99.370959399268,20,1,"","",NA,NA
41,"COND1_WORD",100.887550000101,20,1,"flint","",NA,1
7,"RESP_N",101.462822100148,20,1,"flint","n",0.575301300734282,NA
2,"COND1_LABEL",104.471353299916,21,1,"","",NA,NA
41,"COND1_WORD",105.988028299063,21,1,"fork","",NA,1
7,"RESP_N",106.814791999757,21,1,"fork","n",0.826790699735284,NA
3,"COND2_LABEL",109.821548098698,22,2,"","",NA,NA
51,"COND2_WORD",111.338162899017,22,2,"scaffold","",NA,1
7,"RESP_N",112.134800300002,22,2,"scaffold","n",0.796679001301527,NA
3,"COND2_LABEL",115.138333098963,23,2,"","",NA,NA
51,"COND2_WORD",116.65514029935,23,2,"slug","",NA,1
6,"RESP_Y",117.374726200476,23,2,"slug","y",0.71962740086019,NA
2,"COND1_LABEL",120.388581000268,24,1,"","",NA,NA
41,"COND1_WORD",121.90566559881,24,1,"canary","",NA,1
6,"RESP_Y",122.630690298975,24,1,"canary","y",0.725038299337029,NA
3,"COND2_LABEL",125.638812100515,25,2,"","",NA,NA
51,"COND2_WORD",127.155492300168,25,2,"mirror","",NA,1
7,"RESP_N",127.822728399187,25,2,"mirror","n",0.667277600616217,NA
3,"COND2_LABEL",130.838910099119,26,2,"","",NA,NA
51,"COND2_WORD",132.35623979941,26,2,"shoe","",NA,1
7,"RESP_N",132.966769900173,26,2,"shoe","n",0.610570000484586,NA
2,"COND1_LABEL",135.972545299679,27,1,"","",NA,NA
41,"COND1_WORD",137.489196399227,27,1,"broom","",NA,1
7,"RESP_N",138.566648699343,27,1,"broom","n",1.07749290019274,NA
3,"COND2_LABEL",141.572699699551,28,2,"","",NA,NA
50,"COND2_WORD",143.089589299634,28,2,"wallet","",NA,0
7,"RESP_N",143.790922299027,28,2,"wallet","n",0.701376501470804,NA
3,"COND2_LABEL",146.806330500171,29,2,"","",NA,NA
51,"COND2_WORD",148.322936799377,29,2,"parrot","",NA,1
6,"RESP_Y",148.870708400384,29,2,"parrot","y",0.547801200300455,NA
2,"COND1_LABEL",151.889954999089,30,1,"","",NA,NA
41,"COND1_WORD",153.406575700268,30,1,"canal","",NA,1
6,"RESP_Y",153.974714798853,30,1,"canal","y",0.568167300894856,NA
2,"COND1_LABEL",156.990443399176,31,1,"","",NA,NA
40,"COND1_WORD",158.506654299796,31,1,"ferret","",NA,0
7,"RESP_N",159.134774100035,31,1,"ferret","n",0.628158798441291,NA
3,"COND2_LABEL",162.14020969905,32,2,"","",NA,NA
51,"COND2_WORD",163.657446999103,32,2,"urn","",NA,1
7,"RESP_N",164.334742899984,32,2,"urn","n",0.677337599918246,NA
2,"COND1_LABEL",167.340518498793,33,1,"","",NA,NA
40,"COND1_WORD",168.857215899974,33,1,"flashlight","",NA,0
7,"RESP_N",169.470753299072,33,1,"flashlight","n",0.613565599545836,NA
2,"COND1_LABEL",172.473984699696,34,1,"","",NA,NA
41,"COND1_WORD",173.990643698722,34,1,"bolt","",NA,1
7,"RESP_N",175.542768100277,34,1,"bolt","n",1.55215029977262,NA
2,"COND1_LABEL",178.557561099529,35,1,"","",NA,NA
41,"COND1_WORD",180.074292000383,35,1,"fox","",NA,1
6,"RESP_Y",180.710703900084,35,1,"fox","y",0.636440901085734,NA
2,"COND1_LABEL",183.724400999025,36,1,"","",NA,NA
41,"COND1_WORD",185.241123599932,36,1,"fawn","",NA,1
6,"RESP_Y",185.886640099809,36,1,"fawn","y",0.645544100552797,NA
2,"COND1_LABEL",188.891270600259,37,1,"","",NA,NA
40,"COND1_WORD",190.40815069899,37,1,"belt","",NA,0
7,"RESP_N",191.166631899774,37,1,"belt","n",0.758494898676872,NA
2,"COND1_LABEL",194.1748973988,38,1,"","",NA,NA
41,"COND1_WORD",195.691514300182,38,1,"crow","",NA,1
7,"RESP_N",196.262678898871,38,1,"crow","n",0.571180900558829,NA
2,"COND1_LABEL",199.275018399581,39,1,"","",NA,NA
41,"COND1_WORD",200.791817000136,39,1,"crab","",NA,1
6,"RESP_Y",201.494656300172,39,1,"crab","y",0.702868601307273,NA
3,"COND2_LABEL",204.508504599333,40,2,"","",NA,NA
51,"COND2_WORD",206.025941399857,40,2,"turtle","",NA,1
6,"RESP_Y",206.606611799449,40,2,"turtle","y",0.580685200169683,NA
3,"COND2_LABEL",209.625341098756,41,2,"","",NA,NA
51,"COND2_WORD",211.14199090004,41,2,"jaguar","",NA,1
6,"RESP_Y",211.734666699544,41,2,"jaguar","y",0.592691401019692,NA
2,"COND1_LABEL",214.74244219996,42,1,"","",NA,NA
41,"COND1_WORD",216.259029299021,42,1,"horse","",NA,1
7,"RESP_N",216.982581699267,42,1,"horse","n",0.723567198961973,NA
2,"COND1_LABEL",219.992545099929,43,1,"","",NA,NA
41,"COND1_WORD",221.50932019949,43,1,"cable","",NA,1
6,"RESP_Y",222.222606299445,43,1,"cable","y",0.713341601192951,NA
3,"COND2_LABEL",225.226069299504,44,2,"","",NA,NA
50,"COND2_WORD",226.742800399661,44,2,"pen","",NA,0
7,"RESP_N",227.734572699293,44,2,"pen","n",0.991801800206304,NA
2,"COND1_LABEL",230.743146698922,45,1,"","",NA,NA
41,"COND1_WORD",232.259624999017,45,1,"weasel","",NA,1
6,"RESP_Y",233.070584898815,45,1,"weasel","y",0.810988299548626,NA
3,"COND2_LABEL",236.076492900029,46,2,"","",NA,NA
51,"COND2_WORD",237.593115899712,46,2,"caravan","",NA,1
6,"RESP_Y",238.254605500028,46,2,"caravan","y",0.661503300070763,NA
3,"COND2_LABEL",241.259984999895,47,2,"","",NA,NA
51,"COND2_WORD",242.776770800352,47,2,"marble","",NA,1
7,"RESP_N",243.814562099054,47,2,"marble","n",1.03783280029893,NA
2,"COND1_LABEL",246.827487299219,48,1,"","",NA,NA
40,"COND1_WORD",248.343618799001,48,1,"chipmunk","",NA,0
7,"RESP_N",249.47861889936,48,1,"chipmunk","n",1.13502749986947,NA
2,"COND1_LABEL",252.493773199618,49,1,"","",NA,NA
41,"COND1_WORD",254.010456498712,49,1,"alarm","",NA,1
6,"RESP_Y",254.702594699338,49,1,"alarm","y",0.692165499553084,NA
3,"COND2_LABEL",257.710712298751,50,2,"","",NA,NA
51,"COND2_WORD",259.227388398722,50,2,"panda","",NA,1
6,"RESP_Y",259.870570000261,50,2,"panda","y",0.643222199752927,NA
3,"COND2_LABEL",262.877488899976,51,2,"","",NA,NA
50,"COND2_WORD",264.394179400057,51,2,"pillow","",NA,0
7,"RESP_N",265.214632600546,51,2,"pillow","n",0.820480899885297,NA
2,"COND1_LABEL",268.227968899533,52,1,"","",NA,NA
41,"COND1_WORD",269.744394300506,52,1,"cock","",NA,1
7,"RESP_N",270.390626300126,52,1,"cock","n",0.646249299868941,NA
2,"COND1_LABEL",273.394765200093,53,1,"","",NA,NA
41,"COND1_WORD",274.911323599517,53,1,"camel","",NA,1
6,"RESP_Y",275.726602898911,53,1,"camel","y",0.815307701006532,NA
2,"COND1_LABEL",278.744846198708,54,1,"","",NA,NA
41,"COND1_WORD",280.261531699449,54,1,"bell","",NA,1
7,"RESP_N",280.918609298766,54,1,"bell","n",0.657090101391077,NA
2,"COND1_LABEL",283.928105499595,55,1,"","",NA,NA
40,"COND1_WORD",285.44499460049,55,1,"plant","",NA,0
6,"RESP_Y",286.158615300432,55,1,"plant","y",0.713659999892116,NA
3,"COND2_LABEL",289.161944799125,56,2,"","",NA,NA
51,"COND2_WORD",290.678881499916,56,2,"otter","",NA,1
6,"RESP_Y",291.510471198708,56,2,"otter","y",0.831593399867415,NA
2,"COND1_LABEL",294.52881509997,57,1,"","",NA,NA
41,"COND1_WORD",296.045469598845,57,1,"armadillo","",NA,1
6,"RESP_Y",296.710557298735,57,1,"armadillo","y",0.665128000080585,NA
3,"COND2_LABEL",299.729043699801,58,2,"","",NA,NA
50,"COND2_WORD",301.245903600007,58,2,"salmon","",NA,0
6,"RESP_Y",302.02257050015,58,2,"salmon","y",0.776680901646614,NA
2,"COND1_LABEL",305.029476899654,59,1,"","",NA,NA
41,"COND1_WORD",306.545977899805,59,1,"jellyfish","",NA,1
7,"RESP_N",307.654494399205,59,1,"jellyfish","n",1.10855850018561,NA
3,"COND2_LABEL",310.662799600512,60,2,"","",NA,NA
51,"COND2_WORD",312.179526200518,60,2,"magpie","",NA,1
6,"RESP_Y",313.09451809898,60,2,"magpie","y",0.91500279866159,NA
2,"COND1_LABEL",316.112969700247,61,1,"","",NA,NA
41,"COND1_WORD",317.629965599626,61,1,"fossil","",NA,1
7,"RESP_N",318.702591499314,61,1,"fossil","n",1.07263850048184,NA
2,"COND1_LABEL",321.71314659901,62,1,"","",NA,NA
41,"COND1_WORD",323.229988899082,62,1,"heron","",NA,1
7,"RESP_N",324.102499799803,62,1,"heron","n",0.87253800034523,NA
3,"COND2_LABEL",327.113414499909,63,2,"","",NA,NA
51,"COND2_WORD",328.63015479967,63,2,"stamp","",NA,1
7,"RESP_N",329.462509600446,63,2,"stamp","n",0.832395499572158,NA
2,"COND1_LABEL",332.480654200539,64,1,"","",NA,NA
41,"COND1_WORD",333.996902300045,64,1,"crater","",NA,1
6,"RESP_Y",334.982523899525,64,1,"crater","y",0.985634999349713,NA
3,"COND2_LABEL",337.997153799981,65,2,"","",NA,NA
51,"COND2_WORD",339.513777900487,65,2,"rattlesnake","",NA,1
6,"RESP_Y",340.814433598891,65,2,"rattlesnake","y",1.30069790035486,NA
3,"COND2_LABEL",343.830761199817,66,2,"","",NA,NA
51,"COND2_WORD",345.347386199981,66,2,"shelf","",NA,1
7,"RESP_N",345.934509899467,66,2,"shelf","n",0.587152300402522,NA
3,"COND2_LABEL",348.947625199333,67,2,"","",NA,NA
51,"COND2_WORD",350.464249100536,67,2,"pier","",NA,1
7,"RESP_N",351.630440499634,67,2,"pier","n",1.16624690033495,NA
2,"COND1_LABEL",354.648344999179,68,1,"","",NA,NA
40,"COND1_WORD",356.164234500378,68,1,"cassette","",NA,0
6,"RESP_Y",356.942434199154,68,1,"cassette","y",0.778216699138284,NA
3,"COND2_LABEL",359.948062598705,69,2,"","",NA,NA
51,"COND2_WORD",361.464896399528,69,2,"kitchen","",NA,1
7,"RESP_N",362.462416799739,69,2,"kitchen","n",0.99753500148654,NA
2,"COND1_LABEL",365.481592299417,70,1,"","",NA,NA
41,"COND1_WORD",366.998348699883,70,1,"elk","",NA,1
7,"RESP_N",367.88641330041,70,1,"elk","n",0.888093400746584,NA
3,"COND2_LABEL",370.89835649915,71,2,"","",NA,NA
51,"COND2_WORD",372.415025198832,71,2,"shark","",NA,1
6,"RESP_Y",372.934451699257,71,2,"shark","y",0.519443700090051,NA
3,"COND2_LABEL",375.948620099574,72,2,"","",NA,NA
51,"COND2_WORD",377.465026998892,72,2,"mole","",NA,1
6,"RESP_Y",378.038417799398,72,2,"mole","y",0.573417900130153,NA
3,"COND2_LABEL",381.048922099173,73,2,"","",NA,NA
51,"COND2_WORD",382.565707499161,73,2,"llama","",NA,1
6,"RESP_Y",383.350387400016,73,2,"llama","y",0.784694200381637,NA
3,"COND2_LABEL",386.365684699267,74,2,"","",NA,NA
50,"COND2_WORD",387.882458699867,74,2,"passport","",NA,0
7,"RESP_N",388.638453200459,74,2,"passport","n",0.756035700440407,NA
3,"COND2_LABEL",391.649215798825,75,2,"","",NA,NA
50,"COND2_WORD",393.166025599465,75,2,"owl","",NA,0
6,"RESP_Y",393.822373598814,75,2,"owl","y",0.656376099213958,NA
2,"COND1_LABEL",396.832985699177,76,1,"","",NA,NA
41,"COND1_WORD",398.349508000538,76,1,"coyote","",NA,1
7,"RESP_N",399.134313698858,76,1,"coyote","n",0.784835198894143,NA
2,"COND1_LABEL",402.149699399248,77,1,"","",NA,NA
41,"COND1_WORD",403.666361998767,77,1,"hook","",NA,1
7,"RESP_N",404.486433999613,77,1,"hook","n",0.82010000012815,NA
2,"COND1_LABEL",407.500010199845,78,1,"","",NA,NA
40,"COND1_WORD",409.01638009958,78,1,"flower","",NA,0
7,"RESP_N",409.718340098858,78,1,"flower","n",0.701976900920272,NA
3,"COND2_LABEL",412.733342800289,79,2,"","",NA,NA
51,"COND2_WORD",414.250199599192,79,2,"newt","",NA,1
6,"RESP_Y",416.438338998705,79,2,"newt","y",2.18820099905133,NA
2,"COND1_LABEL",419.450296899304,80,1,"","",NA,NA
41,"COND1_WORD",420.967176899314,80,1,"emu","",NA,1
7,"RESP_N",421.958381298929,80,1,"emu","n",0.991234499961138,NA
2,"COND1_LABEL",424.967327300459,81,1,"","",NA,NA
40,"COND1_WORD",426.484286099672,81,1,"alpaca","",NA,0
6,"RESP_Y",427.182384399697,81,1,"alpaca","y",0.698087800294161,NA
3,"COND2_LABEL",430.200804298744,82,2,"","",NA,NA
51,"COND2_WORD",431.717471299693,82,2,"vase","",NA,1
7,"RESP_N",432.670315200463,82,2,"vase","n",0.952872099354863,NA
3,"COND2_LABEL",435.684497999027,83,2,"","",NA,NA
50,"COND2_WORD",437.201083999127,83,2,"tool","",NA,0
7,"RESP_N",437.854320099577,83,2,"tool","n",0.653250699862838,NA
2,"COND1_LABEL",440.867852998897,84,1,"","",NA,NA
40,"COND1_WORD",442.384408598766,84,1,"alligator","",NA,0
6,"RESP_Y",442.990388499573,84,1,"alligator","y",0.606006499379873,NA
2,"COND1_LABEL",446.001321598887,85,1,"","",NA,NA
41,"COND1_WORD",447.518125800416,85,1,"dome","",NA,1
7,"RESP_N",447.998300200328,85,1,"dome","n",0.480203200131655,NA
2,"COND1_LABEL",451.001624399796,86,1,"","",NA,NA
40,"COND1_WORD",452.518360899761,86,1,"disc","",NA,0
7,"RESP_N",453.094287099317,86,1,"disc","n",0.575941499322653,NA
2,"COND1_LABEL",456.101749699563,87,1,"","",NA,NA
41,"COND1_WORD",457.618569198996,87,1,"beetle","",NA,1
7,"RESP_N",458.182389600202,87,1,"beetle","n",0.563846999779344,NA
3,"COND2_LABEL",461.185427200049,88,2,"","",NA,NA
51,"COND2_WORD",462.702018199489,88,2,"kangaroo","",NA,1
6,"RESP_Y",463.470293300226,88,2,"kangaroo","y",0.768292799592018,NA
3,"COND2_LABEL",466.485187700018,89,2,"","",NA,NA
50,"COND2_WORD",468.002294000238,89,2,"rug","",NA,0
7,"RESP_N",468.622244698927,89,2,"rug","n",0.619980599731207,NA
2,"COND1_LABEL",471.635693900287,90,1,"","",NA,NA
41,"COND1_WORD",473.152509700507,90,1,"grasshopper","",NA,1
6,"RESP_Y",473.878257799894,90,1,"grasshopper","y",0.72577840089798,NA
2,"COND1_LABEL",476.885879900306,91,1,"","",NA,NA
40,"COND1_WORD",478.403046600521,91,1,"comb","",NA,0
7,"RESP_N",479.262232400477,91,1,"comb","n",0.859201600775123,NA
2,"COND1_LABEL",482.269681299105,92,1,"","",NA,NA
41,"COND1_WORD",483.786161199212,92,1,"bamboo","",NA,1
6,"RESP_Y",484.662261798978,92,1,"bamboo","y",0.876129399985075,NA
3,"COND2_LABEL",487.66972719878,93,2,"","",NA,NA
51,"COND2_WORD",489.186508899555,93,2,"satchel","",NA,1
7,"RESP_N",489.862318599597,93,2,"satchel","n",0.675837898626924,NA
3,"COND2_LABEL",492.86989899911,94,2,"","",NA,NA
51,"COND2_WORD",494.386583399028,94,2,"mesh","",NA,1
7,"RESP_N",494.950251098722,94,2,"mesh","n",0.563682800158858,NA
3,"COND2_LABEL",497.95349160023,95,2,"","",NA,NA
51,"COND2_WORD",499.470199899748,95,2,"calendar","",NA,1
7,"RESP_N",500.342246700078,95,2,"calendar","n",0.872075900435448,NA
3,"COND2_LABEL",503.354065399617,96,2,"","",NA,NA
51,"COND2_WORD",504.870345199481,96,2,"mantis","",NA,1
6,"RESP_Y",505.558238700032,96,2,"mantis","y",0.687934000045061,NA
3,"COND2_LABEL",508.5705065988,97,2,"","",NA,NA
51,"COND2_WORD",510.087343400344,97,2,"swan","",NA,1
6,"RESP_Y",510.814377399161,97,2,"swan","y",0.727061098441482,NA
2,"COND1_LABEL",513.820768399164,98,1,"","",NA,NA
41,"COND1_WORD",515.337435100228,98,1,"coral","",NA,1
6,"RESP_Y",515.982347600162,98,1,"coral","y",0.644927699118853,NA
3,"COND2_LABEL",518.987543299794,99,2,"","",NA,NA
51,"COND2_WORD",520.504248600453,99,2,"panther","",NA,1
6,"RESP_Y",521.126187099144,99,2,"panther","y",0.621967699378729,NA
2,"COND1_LABEL",524.137808399275,100,1,"","",NA,NA
40,"COND1_WORD",525.654511999339,100,1,"flame","",NA,0
6,"RESP_Y",526.430197998881,100,1,"flame","y",0.775725699961185,NA
3,"COND2_LABEL",529.504830699414,101,2,"","",NA,NA
50,"COND2_WORD",531.02155729942,101,2,"mouse","",NA,0
6,"RESP_Y",531.662275599316,101,2,"mouse","y",0.640748200938106,NA
3,"COND2_LABEL",534.671579800546,102,2,"","",NA,NA
51,"COND2_WORD",536.188313499093,102,2,"marlin","",NA,1
6,"RESP_Y",536.97421079874,102,2,"marlin","y",0.785911899060011,NA
2,"COND1_LABEL",539.988901698962,103,1,"","",NA,NA
41,"COND1_WORD",541.504941798747,103,1,"duck","",NA,1
7,"RESP_N",542.150191100314,103,1,"duck","n",0.645263900980353,NA
3,"COND2_LABEL",545.15592020005,104,2,"","",NA,NA
50,"COND2_WORD",546.671999599785,104,2,"sand","",NA,0
7,"RESP_N",547.374157899991,104,2,"sand","n",0.702199701219797,NA
2,"COND1_LABEL",550.38889009878,105,1,"","",NA,NA
40,"COND1_WORD",551.905566899106,105,1,"cactus","",NA,0
6,"RESP_Y",552.526134200394,105,1,"cactus","y",0.620596401393414,NA
3,"COND2_LABEL",555.539254199713,106,2,"","",NA,NA
50,"COND2_WORD",557.05570579879,106,2,"tent","",NA,0
7,"RESP_N",557.606189899147,106,2,"tent","n",0.550500700250268,NA
2,"COND1_LABEL",560.622841499746,107,1,"","",NA,NA
41,"COND1_WORD",562.139264399186,107,1,"avocado","",NA,1
6,"RESP_Y",562.678143398836,107,1,"avocado","y",0.538935698568821,NA
3,"COND2_LABEL",565.689527699724,108,2,"","",NA,NA
51,"COND2_WORD",567.20616629906,108,2,"gate","",NA,1
6,"RESP_Y",567.854128800333,108,2,"gate","y",0.647991498932242,NA
2,"COND1_LABEL",570.872758299112,109,1,"","",NA,NA
41,"COND1_WORD",572.38942719996,109,1,"fish","",NA,1
7,"RESP_N",572.918160598725,109,1,"fish","n",0.528760300949216,NA
2,"COND1_LABEL",575.923234200105,110,1,"","",NA,NA
41,"COND1_WORD",577.439992399886,110,1,"fern","",NA,1
7,"RESP_N",578.142101800069,110,1,"fern","n",0.702124601230025,NA
2,"COND1_LABEL",581.156872300431,111,1,"","",NA,NA
41,"COND1_WORD",582.673592800274,111,1,"baboon","",NA,1
6,"RESP_Y",583.470121700317,111,1,"baboon","y",0.796544199809432,NA
3,"COND2_LABEL",586.473570199683,112,2,"","",NA,NA
51,"COND2_WORD",587.990833899006,112,2,"ledge","",NA,1
7,"RESP_N",588.582122599706,112,2,"ledge","n",0.59132120013237,NA
2,"COND1_LABEL",591.590356798843,113,1,"","",NA,NA
41,"COND1_WORD",593.107873799279,113,1,"carriage","",NA,1
6,"RESP_Y",593.814197899774,113,1,"carriage","y",0.706338899210095,NA
3,"COND2_LABEL",596.82403129898,114,2,"","",NA,NA
51,"COND2_WORD",598.340789599344,114,2,"wasp","",NA,1
6,"RESP_Y",598.934072898701,114,2,"wasp","y",0.593312300741673,NA
2,"COND1_LABEL",601.941101798788,115,1,"","",NA,NA
41,"COND1_WORD",603.457817899063,115,1,"gem","",NA,1
7,"RESP_N",604.086129099131,115,1,"gem","n",0.628323899582028,NA
2,"COND1_LABEL",607.091062199324,116,1,"","",NA,NA
40,"COND1_WORD",608.607793800533,116,1,"brush","",NA,0
7,"RESP_N",609.13415209949,116,1,"brush","n",0.526371799409389,NA
3,"COND2_LABEL",612.141859699041,117,2,"","",NA,NA
51,"COND2_WORD",613.657916000113,117,2,"net","",NA,1
7,"RESP_N",614.622101999819,117,2,"net","n",0.96424419991672,NA
2,"COND1_LABEL",617.624792098999,118,1,"","",NA,NA
40,"COND1_WORD",619.141891099513,118,1,"cobra","",NA,0
6,"RESP_Y",619.830077199265,118,1,"cobra","y",0.688200298696756,NA
2,"COND1_LABEL",622.841693500057,119,1,"","",NA,NA
41,"COND1_WORD",624.358433200046,119,1,"dog","",NA,1
7,"RESP_N",625.134061099961,119,1,"dog","n",0.775644700974226,NA
2,"COND1_LABEL",628.14185619913,120,1,"","",NA,NA
41,"COND1_WORD",629.658705899492,120,1,"dragonfly","",NA,1
6,"RESP_Y",630.438082600012,120,1,"dragonfly","y",0.77939079888165,NA
2,"COND1_LABEL",633.442089099437,121,1,"","",NA,NA
41,"COND1_WORD",634.95933239907,121,1,"barrel","",NA,1
6,"RESP_Y",635.694072600454,121,1,"barrel","y",0.734772700816393,NA
2,"COND1_LABEL",638.709061099216,122,1,"","",NA,NA
40,"COND1_WORD",640.225889898837,122,1,"dove","",NA,0
7,"RESP_N",640.798133600503,122,1,"dove","n",0.57226949930191,NA
2,"COND1_LABEL",643.809788299724,123,1,"","",NA,NA
40,"COND1_WORD",645.325991598889,123,1,"fuse","",NA,0
7,"RESP_N",645.918046599254,123,1,"fuse","n",0.592083100229502,NA
2,"COND1_LABEL",648.926087198779,124,1,"","",NA,NA
40,"COND1_WORD",650.442517699674,124,1,"fence","",NA,0
7,"RESP_N",650.990066399798,124,1,"fence","n",0.547578198835254,NA
3,"COND2_LABEL",653.992982098833,125,2,"","",NA,NA
51,"COND2_WORD",655.509592900053,125,2,"manta","",NA,1
6,"RESP_Y",656.59002429992,125,2,"manta","y",1.08047709986567,NA
3,"COND2_LABEL",659.59319140017,126,2,"","",NA,NA
51,"COND2_WORD",661.110075600445,126,2,"snipe","",NA,1
6,"RESP_Y",662.910136299208,126,2,"snipe","y",1.80007429979742,NA
3,"COND2_LABEL",665.926669299603,127,2,"","",NA,NA
51,"COND2_WORD",667.443837499246,127,2,"pigeon","",NA,1
6,"RESP_Y",668.118046600372,127,2,"pigeon","y",0.674222799018025,NA
3,"COND2_LABEL",671.126859400421,128,2,"","",NA,NA
51,"COND2_WORD",672.643807699904,128,2,"maze","",NA,1
7,"RESP_N",673.661977699026,128,2,"maze","n",1.01819489896297,NA
2,"COND1_LABEL",676.677190799266,129,1,"","",NA,NA
40,"COND1_WORD",678.193879699335,129,1,"frog","",NA,0
6,"RESP_Y",678.78200259991,129,1,"frog","y",0.588151600211859,NA
3,"COND2_LABEL",681.793988799676,130,2,"","",NA,NA
50,"COND2_WORD",683.311151899397,130,2,"insect","",NA,0
6,"RESP_Y",683.94204149954,130,2,"insect","y",0.63090549968183,NA
3,"COND2_LABEL",686.960867499933,131,2,"","",NA,NA
51,"COND2_WORD",688.477499900386,131,2,"buck","",NA,1
6,"RESP_Y",689.37412859872,131,2,"buck","y",0.896655300632119,NA
3,"COND2_LABEL",692.377784499899,132,2,"","",NA,NA
50,"COND2_WORD",693.894565999508,132,2,"orb","",NA,0
7,"RESP_N",694.56604719907,132,2,"orb","n",0.671521099284291,NA
2,"COND1_LABEL",697.578088499606,133,1,"","",NA,NA
40,"COND1_WORD",699.094599200413,133,1,"cargo","",NA,0
6,"RESP_Y",699.886119699106,133,1,"cargo","y",0.79154740087688,NA
2,"COND1_LABEL",702.89486300014,134,1,"","",NA,NA
40,"COND1_WORD",704.411526799202,134,1,"basket","",NA,0
6,"RESP_Y",705.173950100318,134,1,"basket","y",0.762464700266719,NA
2,"COND1_LABEL",708.178536999971,135,1,"","",NA,NA
41,"COND1_WORD",709.695095499977,135,1,"badge","",NA,1
6,"RESP_Y",710.605926999822,135,1,"badge","y",0.910859599709511,NA
2,"COND1_LABEL",713.611858500168,136,1,"","",NA,NA
41,"COND1_WORD",715.128560399637,136,1,"albatross","",NA,1
6,"RESP_Y",715.717986099422,136,1,"albatross","y",0.589455999433994,NA
3,"COND2_LABEL",718.728825200349,137,2,"","",NA,NA
51,"COND2_WORD",720.245472298935,137,2,"starfish","",NA,1
6,"RESP_Y",720.909929798916,137,2,"starfish","y",0.664499500766397,NA
2,"COND1_LABEL",723.928933098912,138,1,"","",NA,NA
41,"COND1_WORD",725.445592099801,138,1,"crayfish","",NA,1
6,"RESP_Y",726.005917999893,138,1,"crayfish","y",0.560351800173521,NA
3,"COND2_LABEL",729.012537999079,139,2,"","",NA,NA
50,"COND2_WORD",730.529328100383,139,2,"monkey","",NA,0
6,"RESP_Y",731.549900500104,139,2,"monkey","y",1.02059790119529,NA
2,"COND1_LABEL",734.562800198793,140,1,"","",NA,NA
41,"COND1_WORD",736.079467499629,140,1,"box","",NA,1
7,"RESP_N",736.701905999333,140,1,"box","n",0.622480100020766,NA
2,"COND1_LABEL",739.71297849901,141,1,"","",NA,NA
40,"COND1_WORD",741.229361400008,141,1,"hummingbird","",NA,0
7,"RESP_N",742.126015899703,141,1,"hummingbird","n",0.896669998764992,NA
3,"COND2_LABEL",745.12987279892,142,2,"","",NA,NA
51,"COND2_WORD",746.646513398737,142,2,"trough","",NA,1
7,"RESP_N",747.565937500447,142,2,"trough","n",0.919483799487352,NA
2,"COND1_LABEL",750.579952798784,143,1,"","",NA,NA
41,"COND1_WORD",752.096831399947,143,1,"banana","",NA,1
6,"RESP_Y",752.6778788995,143,1,"banana","y",0.581076599657536,NA
2,"COND1_LABEL",755.696991000324,144,1,"","",NA,NA
41,"COND1_WORD",757.213787799701,144,1,"gnu","",NA,1
7,"RESP_N",757.821971800178,144,1,"gnu","n",0.608209500089288,NA
3,"COND2_LABEL",760.830831799656,145,2,"","",NA,NA
50,"COND2_WORD",762.347270999104,145,2,"lava","",NA,0
7,"RESP_N",763.469900799915,145,2,"lava","n",1.12267240136862,NA
2,"COND1_LABEL",766.480677299201,146,1,"","",NA,NA
40,"COND1_WORD",767.997442400083,146,1,"door","",NA,0
7,"RESP_N",768.653861500323,146,1,"door","n",0.656445499509573,NA
2,"COND1_LABEL",771.664551099762,147,1,"","",NA,NA
41,"COND1_WORD",773.181011900306,147,1,"diamond","",NA,1
6,"RESP_Y",773.829914100468,147,1,"diamond","y",0.648901799693704,NA
2,"COND1_LABEL",776.847776800394,148,1,"","",NA,NA
40,"COND1_WORD",778.364708598703,148,1,"dingo","",NA,0
7,"RESP_N",778.973900498822,148,1,"dingo","n",0.60920650139451,NA
2,"COND1_LABEL",781.981380499899,149,1,"","",NA,NA
41,"COND1_WORD",783.498119499534,149,1,"camera","",NA,1
6,"RESP_Y",784.133833499625,149,1,"camera","y",0.635752700269222,NA
3,"COND2_LABEL",787.148180900142,150,2,"","",NA,NA
51,"COND2_WORD",788.664953699335,150,2,"furnace","",NA,1
7,"RESP_N",789.365870499983,150,2,"furnace","n",0.700947899371386,NA
3,"COND2_LABEL",792.381675999612,151,2,"","",NA,NA
50,"COND2_WORD",793.898459300399,151,2,"flask","",NA,0
7,"RESP_N",794.50988920033,151,2,"flask","n",0.61145850084722,NA
3,"COND2_LABEL",797.515285698697,152,2,"","",NA,NA
50,"COND2_WORD",799.032060500234,152,2,"hammer","",NA,0
7,"RESP_N",799.805781999603,152,2,"hammer","n",0.773735700175166,NA
3,"COND2_LABEL",802.815835399553,153,2,"","",NA,NA
51,"COND2_WORD",804.332175498828,153,2,"shard","",NA,1
7,"RESP_N",805.021862599999,153,2,"shard","n",0.689727298915386,NA
2,"COND1_LABEL",808.032469799742,154,1,"","",NA,NA
41,"COND1_WORD",809.549112100154,154,1,"cheetah","",NA,1
6,"RESP_Y",810.525928299874,154,1,"cheetah","y",0.976844899356365,NA
3,"COND2_LABEL",813.532314399257,155,2,"","",NA,NA
51,"COND2_WORD",815.049895299599,155,2,"lynx","",NA,1
6,"RESP_Y",815.717791698873,155,2,"lynx","y",0.6679114010185,NA
3,"COND2_LABEL",818.732796099037,156,2,"","",NA,NA
51,"COND2_WORD",820.249448299408,156,2,"mop","",NA,1
7,"RESP_N",820.941836100072,156,2,"mop","n",0.692418599501252,NA
3,"COND2_LABEL",823.949621999636,157,2,"","",NA,NA
50,"COND2_WORD",825.466410400346,157,2,"guitar","",NA,0
7,"RESP_N",826.413830999285,157,2,"guitar","n",0.947461500763893,NA
2,"COND1_LABEL",829.41675709933,158,1,"","",NA,NA
40,"COND1_WORD",830.933136599138,158,1,"rat","",NA,0
6,"RESP_Y",831.4617413003,158,1,"rat","y",0.528620399534702,NA
3,"COND2_LABEL",834.466658299789,159,2,"","",NA,NA
51,"COND2_WORD",835.983500899747,159,2,"hawk","",NA,1
6,"RESP_Y",836.549855198711,159,2,"hawk","y",0.566366100683808,NA
2,"COND1_LABEL",839.567216100171,160,1,"","",NA,NA
41,"COND1_WORD",841.083620999008,160,1,"flamingo","",NA,1
6,"RESP_Y",841.661808399484,160,1,"flamingo","y",0.578201400116086,NA
3,"COND2_LABEL",844.667195700109,161,2,"","",NA,NA
51,"COND2_WORD",846.183820700273,161,2,"mug","",NA,1
7,"RESP_N",846.869869699702,161,2,"mug","n",0.686088198795915,NA
3,"COND2_LABEL",849.883940299973,162,2,"","",NA,NA
51,"COND2_WORD",851.401023998857,162,2,"galaxy","",NA,1
7,"RESP_N",852.429769098759,162,2,"galaxy","n",1.02875800058246,NA
3,"COND2_LABEL",855.4343065992,163,2,"","",NA,NA
50,"COND2_WORD",856.950952399522,163,2,"knife","",NA,0
7,"RESP_N",857.605793599039,163,2,"knife","n",0.654871100559831,NA
2,"COND1_LABEL",860.61782569997,164,1,"","",NA,NA
41,"COND1_WORD",862.134425099939,164,1,"bicycle","",NA,1
7,"RESP_N",862.709793198854,164,1,"bicycle","n",0.575409499928355,NA
2,"COND1_LABEL",865.717958400026,165,1,"","",NA,NA
41,"COND1_WORD",867.234586499631,165,1,"catfish","",NA,1
6,"RESP_Y",867.741759099066,165,1,"catfish","y",0.507202601060271,NA
3,"COND2_LABEL",870.751374099404,166,2,"","",NA,NA
51,"COND2_WORD",872.268240200356,166,2,"pufferfish","",NA,1
6,"RESP_Y",872.853708200157,166,2,"pufferfish","y",0.585509099066257,NA
2,"COND1_LABEL",875.868522599339,167,1,"","",NA,NA
40,"COND1_WORD",877.385065698996,167,1,"chain","",NA,0
6,"RESP_Y",877.869718099013,167,1,"chain","y",0.484668299555779,NA
3,"COND2_LABEL",880.885127399117,168,2,"","",NA,NA
50,"COND2_WORD",882.401882300153,168,2,"octopus","",NA,0
6,"RESP_Y",883.141701100394,168,2,"octopus","y",0.739848300814629,NA
3,"COND2_LABEL",886.152028299868,169,2,"","",NA,NA
51,"COND2_WORD",887.668596299365,169,2,"tapir","",NA,1
7,"RESP_N",888.269767198712,169,2,"tapir","n",0.601198898628354,NA
2,"COND1_LABEL",891.285775499418,170,1,"","",NA,NA
41,"COND1_WORD",892.802340900525,170,1,"bison","",NA,1
7,"RESP_N",893.821701699868,170,1,"bison","n",1.01938680000603,NA
2,"COND1_LABEL",896.835822800174,171,1,"","",NA,NA
41,"COND1_WORD",898.352563599125,171,1,"fish","",NA,1
7,"RESP_N",898.989667499438,171,1,"fish","n",0.637145198881626,NA
